調價日期,無鉛汽油92,無鉛汽油95,無鉛汽油98,超級/高級柴油
2024/3/6,,,,
2024/3/4,29.5,31,33,27.1
2024/2/26,29.4,30.9,32.9,26.9
2024/2/19,29.4,30.9,32.9,26.9
2024/2/12,29,30.5,32.5,27
2024/2/6,,,,
2024/2/5,29,30.5,32.5,27.4
2024/1/29,29,30.5,32.5,27.5
2024/1/22,28.9,30.4,32.4,27.7
2024/1/15,29,30.5,32.5,27.8
2024/1/8,29.2,30.7,32.7,27.8
2024/1/6,,,,
2024/1/3,,,,
2024/1/1,29.5,31,33,27.9
2023/12/26,,,,
2023/12/25,29.6,31.1,33.1,28
2023/12/19,,,,
2023/12/18,29.2,30.7,32.7,27.9
2023/12/12,,,,
2023/12/11,29.5,31,33,27.6
2023/12/6,,,,
2023/12/5,,,,
2023/12/4,29.5,31,33,27
2023/11/27,29.5,31,33,27.1
2023/11/21,,,,
2023/11/20,29.5,31,33,27.1
2023/11/14,,,,
2023/11/13,29.6,31.1,33.1,27.1
2023/11/7,,,,
2023/11/6,29.7,31.2,33.2,27.2
2023/10/31,,,,
2023/10/30,29.7,31.2,33.2,27.3
2023/10/24,,,,
2023/10/23,29.9,31.4,33.4,27.5
2023/10/17,,,,
2023/10/16,30.2,31.7,33.7,27.8
2023/10/12,,,,
2023/10/9,30.7,32.2,34.2,28.3
2023/10/6,,,,
2023/10/2,30.8,32.3,34.3,28.4
2023/9/25,31.1,32.6,34.6,28.6
2023/9/19,,,,
2023/9/18,31.4,32.9,34.9,29
2023/9/12,,,,
2023/9/11,31.6,33.1,35.1,29.1
2023/9/6,,,,
2023/9/4,31.2,32.7,34.7,29.3
2023/8/29,,,,
2023/8/28,31.1,32.6,34.6,29.2
2023/8/21,31.2,32.7,34.7,28.8
2023/8/15,,,,
2023/8/14,31.1,32.6,34.6,28.7
2023/8/8,,,,
2023/8/7,30.5,32,34,28.2
2023/8/6,,,,
2023/8/1,,,,
2023/7/31,30.3,31.8,33.8,28
2023/7/24,29.8,31.3,33.3,28.1
2023/7/18,,,,
2023/7/17,29.5,31,33,27.7
2023/7/10,29.1,30.6,32.6,27.3
2023/7/6,,,,
2023/7/3,28.8,30.3,32.3,27.1
2023/6/27,,,,
2023/6/26,28.9,30.4,32.4,26.9
2023/6/19,28.5,30,32,27.2
2023/6/12,28.8,30.3,32.3,27
2023/6/6,,,,
2023/6/5,28.5,30,32,27
2023/5/29,28.9,30.4,32.4,27.1
2023/5/22,28.6,30.1,32.1,27.4
2023/5/15,28.8,30.3,32.3,27.6
2023/5/9,,,,
2023/5/8,28.6,30.1,32.1,27.3
2023/5/6,,,,
2023/5/3,,,,
2023/5/1,29.6,31.1,33.1,27.5
2023/4/25,,,,
2023/4/24,29.6,31.1,33.1,27.4
2023/4/17,29.8,31.3,33.3,27.6
2023/4/11,,,,
2023/4/10,29.5,31,33,27.8
2023/4/6,,,,
2023/4/3,28.9,30.4,32.4,27.7
2023/3/28,,,,
2023/3/27,28.4,29.9,31.9,27.1
2023/3/21,,,,
2023/3/20,28.9,30.4,32.4,27.6
2023/3/13,29.2,30.7,32.7,27.1
2023/3/6,28.9,30.4,32.4,27.1
2023/3/2,,,,
2023/2/27,29,30.5,32.5,27.3
2023/2/20,29.1,30.6,32.6,27.4
2023/2/14,,,,
2023/2/13,29.2,30.7,32.7,27.5
2023/2/6,29.5,31,33,27.9
2023/1/30,29.6,31.1,33.1,28.2
2023/1/23,29.1,30.6,32.6,27.8
2023/1/16,29.1,30.6,32.6,27.8
2023/1/9,29.1,30.6,32.6,27.8
2023/1/6,,,,
2023/1/2,29.5,31,33,27.8
2022/12/26,29.1,30.6,32.6,27.9
2022/12/19,29,30.5,32.5,27.3
2022/12/13,,,,
2022/12/12,28.9,30.4,32.4,27.3
2022/12/6,,,,
2022/12/5,29.3,30.8,32.8,27.1
2022/11/29,,,,
2022/11/28,29.1,30.6,32.6,26.9
2022/11/22,,,,
2022/11/21,29.2,30.7,32.7,27
2022/11/15,,,,
2022/11/14,29,30.5,32.5,26.8
2022/11/7,29.1,30.6,32.6,26.8
2022/11/6,,,,
2022/10/31,29.1,30.6,32.6,26.9
2022/10/24,28.8,30.3,32.3,26.6
2022/10/18,,,,
2022/10/17,28.9,30.4,32.4,26.7
2022/10/12,,,,
2022/10/10,29.2,30.7,32.7,26.9
2022/10/6,,,,
2022/10/4,,,,
2022/10/3,29.3,30.8,32.8,27.1
2022/9/27,,,,
2022/9/26,29.2,30.7,32.7,26.9
2022/9/20,,,,
2022/9/19,29.2,30.7,32.7,26.9
2022/9/13,,,,
2022/9/12,29,30.5,32.5,26.8
2022/9/6,,,,
2022/9/5,29.1,30.6,32.6,26.8
2022/8/30,,,,
2022/8/29,29.2,30.7,32.7,27
2022/8/22,29.5,31,33,27.4
2022/8/15,29.6,31.1,33.1,27.4
2022/8/9,,,,
2022/8/8,29.8,31.3,33.3,27.6
2022/8/6,,,,
2022/8/1,29.5,31,33,27.3
2022/7/26,,,,
2022/7/25,29.3,30.8,32.8,27.1
2022/7/19,,,,
2022/7/18,29.5,31,33,27.2
2022/7/12,,,,
2022/7/11,29.8,31.3,33.3,27.6
2022/7/6,,,,
2022/7/5,,,,
2022/7/4,30,31.5,33.5,27.8
2022/6/27,30,31.5,33.5,27.7
2022/6/21,,,,
2022/6/20,29.6,31.1,33.1,27.4
2022/6/14,,,,
2022/6/13,29.5,31,33,27.3
2022/6/7,,,,
2022/6/6,29.5,31,33,27.3
2022/5/31,,,,
2022/5/30,30.1,31.6,33.6,27.9
2022/5/24,,,,
2022/5/23,30.2,31.7,33.7,28
2022/5/17,,,,
2022/5/16,30.2,31.7,33.7,28
2022/5/10,,,,
2022/5/9,30.3,31.8,33.8,28.1
2022/5/6,,,,
2022/5/2,30.4,31.9,33.9,28.2
2022/4/26,,,,
2022/4/25,30.5,32,34,28.3
2022/4/18,30.8,32.3,34.3,28.6
2022/4/12,,,,
2022/4/11,31,32.5,34.5,28.9
2022/4/7,,,,
2022/4/6,,,,
2022/4/4,31,32.5,34.5,28.8
2022/3/29,,,,
2022/3/28,31.2,32.7,34.7,29.1
2022/3/22,,,,
2022/3/21,31.5,33,35,29.4
2022/3/15,,,,
2022/3/14,31.6,33.1,35.1,29.4
2022/3/8,,,,
2022/3/7,31.3,32.8,34.8,29.1
2022/3/6,,,,
2022/3/2,,,,
2022/2/28,30.7,32.2,34.2,28.5
2022/2/22,,,,
2022/2/21,30.2,31.7,33.7,28.1
2022/2/15,,,,
2022/2/14,29.9,31.4,33.4,27.5
2022/2/8,,,,
2022/2/7,28.7,30.2,32.2,26
2022/1/31,29.8,31.3,33.3,26.5
2022/1/25,,,,
2022/1/24,29.8,31.3,33.3,26.5
2022/1/18,,,,
2022/1/17,29.2,30.7,32.7,26.3
2022/1/11,,,,
2022/1/10,28.6,30.1,32.1,26.3
2022/1/6,,,,
2022/1/4,,,,
2022/1/3,28.4,29.9,31.9,26.4
2021/12/28,,,,
2021/12/27,27.5,29,31,25.5
2021/12/21,,,,
2021/12/20,27.7,29.2,31.2,25.7
2021/12/14,,,,
2021/12/13,27.6,29.1,31.1,25.6
2021/12/7,,,,
2021/12/6,27.3,28.8,30.8,25.3
2021/12/1,28.5,30,32,26.6
2021/11/30,,,,
2021/11/29,29.6,31.1,33.1,27.7
2021/11/23,,,,
2021/11/22,29.8,31.3,33.3,28
2021/11/15,30.1,31.6,33.6,28.2
2021/11/9,,,,
2021/11/8,30,31.5,33.5,28.1
2021/11/6,,,,
2021/11/2,,,,
2021/11/1,30.2,31.7,33.7,28
2021/10/26,,,,
2021/10/25,30.1,31.6,33.6,27.3
2021/10/19,,,,
2021/10/18,29.5,31,33,26.6
2021/10/13,,,,
2021/10/11,28.7,30.2,32.2,25.7
2021/10/6,,,,
2021/10/5,,,,
2021/10/4,28.3,29.8,31.8,25.4
2021/9/28,,,,
2021/9/23,,,,
2021/9/20,28.2,29.7,31.7,25.3
2021/9/13,28.1,29.6,31.6,25.4
2021/9/7,,,,
2021/9/6,28.2,29.7,31.7,25.5
2021/8/31,,,,
2021/8/30,28,29.5,31.5,25.6
2021/8/24,,,,
2021/8/23,27.6,29.1,31.1,25.5
2021/8/17,,,,
2021/8/16,28,29.5,31.5,25.8
2021/8/10,,,,
2021/8/9,28.3,29.8,31.8,26
2021/8/6,,,,
2021/8/3,,,,
2021/8/2,28.7,30.2,32.2,
2021/7/28,,,,
2021/7/26,28.4,29.9,31.9,25.8
2021/7/19,28.6,30.1,32.1,25.7
2021/7/12,28.5,30,32,25.6
2021/7/6,,,,
2021/7/5,28.2,29.7,31.7,25.4
2021/6/29,,,,
2021/6/28,27.9,29.4,31.4,25.1
2021/6/23,,,,
2021/6/21,27.6,29.1,31.1,24.8
2021/6/16,,,,
2021/6/14,27.5,29,31,24.7
2021/6/8,,,,
2021/6/7,27.2,28.7,30.7,24.4
2021/6/6,,,,
2021/5/31,27,28.5,30.5,24.2
2021/5/24,26.8,28.3,30.3,
2021/5/17,26.7,28.2,30.2,23.9
2021/5/11,,,,
2021/5/10,26.6,28.1,30.1,23.8
2021/5/6,,,,
2021/4/27,,,,
2021/4/26,26.8,28.3,30.3,24
2021/4/21,,,,
2021/4/19,26.9,28.4,30.4,
2021/4/12,26.5,28,30,24.2
2021/4/6,,,,
2021/4/5,,,,24.1
2021/3/30,,,,
2021/3/29,26.8,28.3,30.3,24
2021/3/22,26.5,28,30,23.8
2021/3/16,,,,
2021/3/15,26,27.5,29.5,23.2
2021/3/9,,,,
2021/3/8,25.7,27.2,29.2,23
2021/3/6,,,,
2021/3/3,,,,
2021/3/1,25.6,27.1,29.1,22.9
2021/2/24,,,,
2021/2/22,25.5,27,29,22.8
2021/2/6,,,,
2021/2/1,25,26.5,28.5,22.3
2021/1/25,25.1,26.6,28.6,
2021/1/18,25,26.5,28.5,22.4
2021/1/11,24.7,26.2,28.2,22.3
2021/1/6,,,,
2021/1/5,,,,
2021/1/4,24.2,25.7,27.7,21.8
2020/12/29,,,,
2020/12/28,24,25.5,27.5,21.3
2020/12/22,,,,
2020/12/21,23.3,24.8,26.8,20.7
2020/12/15,,,,
2020/12/14,22.8,24.3,26.3,20.2
2020/12/8,,,,
2020/12/7,22.4,23.9,25.9,19.7
2020/12/6,,,,
2020/12/1,,,,
2020/11/30,22.1,23.6,25.6,19.4
2020/11/24,,,,
2020/11/17,,,,
2020/11/16,21.9,23.4,25.4,19.2
2020/11/10,,,,
2020/11/9,21.6,23.1,25.1,19
2020/11/6,,,,
2020/11/4,,,,
2020/11/2,21.5,23,25,18.9
2020/10/27,,,,
2020/10/19,,,,19.3
2020/10/14,,,,
2020/10/12,,,,19.2
2020/10/6,,,,
2020/10/5,22,23.5,25.5,19.3
2020/9/29,,,,
2020/9/28,,,,19.5
2020/9/22,,,,
2020/9/21,22.2,23.7,25.7,19.6
2020/9/16,,,,
2020/9/14,22,23.5,25.5,19.5
2020/9/8,,,,
2020/9/6,,,,
2020/8/25,,,,
2020/8/17,22.5,24,26,
2020/8/11,,,,
2020/8/10,,,,19.8
2020/8/6,,,,
2020/8/4,,,,
2020/8/3,22.4,23.9,25.9,19.7
2020/7/28,,,,
2020/7/27,22.3,23.8,25.8,
2020/7/20,22.2,23.7,25.7,
2020/7/14,,,,
2020/7/13,22.3,23.8,25.8,
2020/7/7,,,,
2020/7/6,22.2,23.7,25.7,19.6
2020/6/30,,,,
2020/6/29,22,23.5,25.5,19.4
2020/6/23,,,,
2020/6/22,21.7,23.2,25.2,19.1
2020/6/16,,,,
2020/6/15,21.4,22.9,24.9,18.8
2020/6/9,,,,
2020/6/8,20.6,22.1,24.1,18
2020/6/6,,,,
2020/6/2,,,,
2020/6/1,19.9,21.4,23.4,17.4
2020/5/26,,,,
2020/5/25,19.6,21.1,23.1,17.1
2020/5/19,,,,
2020/5/18,19.1,20.6,22.6,16.3
2020/5/13,,,,
2020/5/12,,,,
2020/5/11,18.2,19.7,21.7,15.4
2020/5/6,,,,
2020/5/4,16.2,17.7,19.7,13.2
2020/4/28,,,,
2020/4/27,16.1,17.6,19.6,13
2020/4/21,,,,
2020/4/20,17,18.5,20.5,14
2020/4/14,,,,
2020/4/13,17.9,19.4,21.4,15
2020/4/7,,,,
2020/4/6,17.3,18.8,20.8,14.4
2020/4/1,,,,
2020/3/31,,,,
2020/3/30,18.2,19.7,21.7,15.4
2020/3/24,,,,
2020/3/23,19,20.5,22.5,16.2
2020/3/17,,,,
2020/3/16,20.3,21.8,23.8,17.7
2020/3/10,,,,
2020/3/9,24.1,25.6,27.6,21.7
2020/3/6,,,,
2020/3/3,,,,
2020/3/2,24.7,26.2,28.2,22.4
2020/2/26,,,,
2020/2/24,25.5,27,29,23.3
2020/2/17,,,,22.6
2020/2/11,,,,
2020/2/10,24.9,26.4,28.4,22.7
2020/2/6,,,,
2020/2/5,,,,
2020/2/3,25.9,27.4,29.4,23.7
2020/1/27,26.8,28.3,30.3,24.7
2020/1/22,,,,
2020/1/20,27.1,28.6,30.6,25
2020/1/15,,,,
2020/1/13,27.8,29.3,31.3,25.7
2020/1/6,,,,25.6
2019/12/30,27.7,29.2,31.2,25.7
2019/12/24,,,,
2019/12/23,27.6,29.1,31.1,25.6
2019/12/17,,,,
2019/12/16,27.3,28.8,30.8,25.2
2019/12/10,,,,
2019/12/9,26.9,28.4,30.4,24.8
2019/12/6,,,,
2019/12/3,,,,
2019/12/2,27.1,28.6,30.6,25
2019/11/25,26.9,28.4,30.4,24.7
2019/11/19,,,,
2019/11/18,26.8,28.3,30.3,24.6
2019/11/11,26.6,28.1,30.1,24.4
2019/11/6,,,,
2019/10/28,26.4,27.9,29.9,24.2
2019/10/22,,,,
2019/10/21,26.3,27.8,29.8,24.1
2019/10/15,,,,
2019/10/14,26.2,27.7,29.7,24
2019/10/8,,,,
2019/10/7,26.3,27.8,29.8,24.1
2019/10/6,,,,
2019/10/2,,,,
2019/9/30,27.1,28.6,30.6,25
2019/9/24,,,,
2019/9/23,27.3,28.8,30.8,25.5
2019/9/17,,,,
2019/9/16,26.8,28.3,30.3,24.6
2019/9/9,26.3,27.8,29.8,24.2
2019/9/6,,,,
2019/9/2,26.5,28,30,24.3
2019/8/26,26.6,28.1,30.1,24.4
2019/8/20,,,,
2019/8/19,,,,24.2
2019/8/13,,,,
2019/8/12,26.3,27.8,29.8,24.1
2019/8/6,,,,
2019/7/29,27.2,28.7,30.7,25.1
2019/7/23,,,,
2019/7/22,27.3,28.8,30.8,25.2
2019/7/16,,,,
2019/7/15,27.6,29.1,31.1,25.6
2019/7/9,,,,
2019/7/8,27.2,28.7,30.7,25.1
2019/7/6,,,,
2019/7/2,,,,
2019/7/1,27.6,29.1,31.1,25.5
2019/6/25,,,,
2019/6/24,27.2,28.7,30.7,25.1
2019/6/17,27,28.5,30.5,24.9
2019/6/12,,,,
2019/6/10,26.9,28.4,30.4,24.8
2019/6/6,,,,
2019/6/4,,,,
2019/6/3,28.3,29.8,31.8,26.3
2019/5/28,,,,
2019/5/27,28.8,30.3,32.3,26.8
2019/5/21,,,,
2019/5/20,28.9,30.4,32.4,27
2019/5/14,,,,
2019/5/13,28.6,30.1,32.1,26.6
2019/5/7,,,,
2019/5/6,28.8,30.3,32.3,26.8
2019/4/30,,,,
2019/4/29,28.6,30.1,32.1,27.3
2019/4/22,28.5,30,32,26.8
2019/4/16,,,,
2019/4/15,27.9,29.4,31.4,26.7
2019/4/8,27.7,29.2,31.2,26.3
2019/4/6,,,,
2019/4/1,27.5,29,31,25.9
2019/3/25,27.3,28.8,30.8,26
2019/3/18,26.8,28.3,30.3,25.9
2019/3/6,,,,
2019/3/4,26.5,28,30,
2019/2/26,,,,
2019/2/25,,,,25.5
2019/2/19,,,,
2019/2/18,26.3,27.8,29.8,25.1
2019/2/13,,,,
2019/2/11,,,,24.7
2019/1/21,26.4,27.9,29.9,24.2
2019/1/15,,,,
2019/1/14,26.1,27.6,29.6,23.9
2019/1/8,,,,
2019/1/7,25,26.5,28.5,22.7
2019/1/6,,,,
2019/1/3,,,,
2018/12/31,24.5,26,28,22.2
2018/12/25,,,,
2018/12/24,25.4,26.9,28.9,23.2
2018/12/17,26.3,27.8,29.8,24.1
2018/12/11,,,,
2018/12/10,26.4,27.9,29.9,24.2
2018/12/6,,,,
2018/12/4,,,,
2018/12/3,26.2,27.7,29.7,24
2018/11/27,,,,
2018/11/26,26.9,28.4,30.4,24.9
2018/11/20,,,,
2018/11/19,27.8,29.3,31.3,25.7
2018/11/14,,,,
2018/11/12,28.5,30,32,26.5
2018/11/7,,,,
2018/11/6,,,,
2018/11/5,29.2,30.7,32.7,27.3
2018/10/31,,,,
2018/10/29,29.5,31,33,27.7
2018/10/24,,,,
2018/10/22,29.9,31.4,33.4,28.1
2018/10/10,,,,
2018/10/6,,,,
2018/10/3,,,,
2018/10/1,30,31.5,33.5,28.2
2018/9/17,29.5,31,33,27.7
2018/9/12,,,,
2018/9/10,29.3,30.8,32.8,27.5
2018/9/6,,,,
2018/9/5,,,,
2018/9/3,29.2,30.7,32.7,27.3
2018/9/1,,,,
2018/8/30,,,,
2018/8/27,28.8,30.3,32.3,26.8
2018/8/22,,,,
2018/8/20,28.5,30,32,26.5
2018/8/13,28.6,30.1,32.1,26.7
2018/8/6,,,,26.8
2018/8/1,,,,
2018/7/30,28.8,30.3,32.3,26.9
2018/7/25,,,,
2018/7/23,28.5,30,32,26.5
2018/7/16,28.9,30.4,32.4,27
2018/7/11,,,,
2018/7/9,29.1,30.6,32.6,27.3
2018/7/6,,,,
2018/7/4,,,,
2018/7/2,28.9,30.4,32.4,27
2018/6/27,,,,
2018/6/25,28.5,30,32,26.6
2018/6/18,28.7,30.2,32.2,26.8
2018/6/13,,,,
2018/6/11,28.6,30.1,32.1,26.7
2018/6/6,,,,
2018/6/4,28.8,30.3,32.3,26.9
2018/5/30,,,,
2018/5/28,29.2,30.7,32.7,27.3
2018/5/23,,,,
2018/5/21,29,30.5,32.5,27.1
2018/5/16,,,,
2018/5/14,28.7,30.2,32.2,26.7
2018/5/9,,,,
2018/5/7,28.1,29.6,31.6,
2018/5/6,,,,
2018/5/3,,,,
2018/4/30,28.2,29.7,31.7,26.1
2018/4/25,,,,
2018/4/23,27.8,29.3,31.3,25.7
2018/4/18,,,,
2018/4/16,27.3,28.8,30.8,25.2
2018/4/9,26.7,28.2,30.2,24.6
2018/4/6,,,,
2018/4/4,,,,
2018/4/2,26.8,28.3,30.3,24.7
2018/3/28,,,,
2018/3/26,26.6,28.1,30.1,24.4
2018/3/21,,,,
2018/3/19,26,27.5,29.5,23.8
2018/3/14,,,,
2018/3/12,26.1,27.6,29.6,23.9
2018/3/7,,,,
2018/3/6,,,,
2018/3/5,26.3,27.8,29.8,24.1
2018/2/28,,,,
2018/2/26,26.2,27.7,29.7,24
2018/2/22,,,,
2018/2/19,25.8,27.3,29.3,23.6
2018/2/14,,,,
2018/2/12,26.4,27.9,29.9,24.3
2018/2/6,,,,
2018/2/5,27,28.5,30.5,24.9
2018/1/24,,,,
2018/1/22,27.2,28.7,30.7,
2018/1/17,,,,
2018/1/15,27.1,28.6,30.6,25.1
2018/1/10,,,,
2018/1/8,26.9,28.4,30.4,24.8
2018/1/6,,,,
2018/1/3,,,,
2018/1/1,26.7,28.2,30.2,24.6
2017/12/27,,,,
2017/12/25,26.4,27.9,29.9,24.2
2017/12/20,,,,
2017/12/18,26.3,27.8,29.8,24.1
2017/12/13,,,,
2017/12/11,26.1,27.6,29.6,23.9
2017/12/6,,,,
2017/12/4,,,,24.1
2017/11/29,,,,
2017/11/27,26.2,27.7,29.7,24
2017/11/22,,,,
2017/11/20,26.1,27.6,29.6,23.9
2017/11/15,,,,
2017/11/13,26.4,27.9,29.9,24.3
2017/11/8,,,,
2017/11/6,25.8,27.3,29.3,23.6
2017/11/1,,,,
2017/10/30,25.3,26.8,28.8,23
2017/10/25,,,,
2017/10/23,25.1,26.6,28.6,22.9
2017/10/16,,,,22.6
2017/10/12,,,,
2017/10/9,24.9,26.4,28.4,22.7
2017/10/6,,,,
2017/10/4,,,,
2017/10/2,25.2,26.7,28.7,23
2017/9/27,,,,
2017/9/25,24.8,26.3,28.3,22.6
2017/9/18,24.5,26,28,22.2
2017/9/13,,,,
2017/9/11,24.3,25.8,27.8,22
2017/9/6,,,,
2017/9/4,23.9,25.4,27.4,21.5
2017/8/30,,,,
2017/8/28,23.8,25.3,27.3,21.4
2017/8/23,,,,
2017/8/21,23.6,25.1,27.1,21.2
2017/8/9,,,,
2017/8/7,23.9,25.4,27.4,21.5
2017/8/6,,,,
2017/8/2,,,,
2017/7/31,23.4,24.9,26.9,21
2017/7/26,,,,
2017/7/24,23.2,24.7,26.7,20.8
2017/7/19,,,,
2017/7/17,22.9,24.4,26.4,20.4
2017/7/12,,,,
2017/7/10,23.2,24.7,26.7,20.8
2017/7/6,,,,
2017/7/5,,,,
2017/7/3,22.8,24.3,26.3,20.3
2017/6/28,,,,
2017/6/26,22.5,24,26,20
2017/6/21,,,,
2017/6/19,22.8,24.3,26.3,20.3
2017/6/14,,,,
2017/6/12,23,24.5,26.5,20.6
2017/6/7,,,,
2017/6/6,,,,
2017/6/5,23.5,25,27,21.1
2017/6/1,,,,
2017/5/29,24.1,25.6,27.6,21.7
2017/5/24,,,,
2017/5/22,23.9,25.4,27.4,21.5
2017/5/10,,,,
2017/5/8,23.4,24.9,26.9,20.9
2017/5/6,,,,
2017/5/3,,,,
2017/5/1,23.7,25.2,27.2,21.3
2017/4/26,,,,
2017/4/24,24.2,25.7,27.7,21.8
2017/4/19,,,,
2017/4/17,24.7,26.2,28.2,22.4
2017/4/12,,,,
2017/4/10,24.3,25.8,27.8,22
2017/4/6,,,,
2017/4/3,23.7,25.2,27.2,21.3
2017/3/29,,,,
2017/3/27,23.6,25.1,27.1,21.2
2017/3/22,,,,
2017/3/20,23.8,25.3,27.3,21.5
2017/3/15,,,,
2017/3/13,24.6,26.1,28.1,22.2
2017/3/8,,,,
2017/3/6,,,,
2017/2/27,24.9,26.4,28.4,22.6
2017/2/20,24.8,26.3,28.3,22.5
2017/2/13,24.9,26.4,28.4,22.6
2017/2/8,,,,
2017/2/6,25,26.5,28.5,22.7
2017/1/23,24.9,26.4,28.4,22.6
2017/1/18,,,,
2017/1/16,25,26.5,28.5,22.7
2017/1/9,,,,23.1
2017/1/6,,,,
2017/1/4,,,,
2017/1/2,25.3,26.8,28.8,23
2016/12/21,,,,
2016/12/19,24.9,26.4,28.4,22.6
2016/12/14,,,,
2016/12/12,24.6,26.1,28.1,22.2
2016/12/6,,,,
2016/12/5,23.6,25.1,27.1,21.2
2016/11/30,,,,
2016/11/28,23.3,24.8,26.8,20.9
2016/11/21,22.6,24.1,26.1,20.1
2016/11/16,,,,
2016/11/14,22.5,24,26,20
2016/11/9,,,,
2016/11/7,22.8,24.3,26.3,20.4
2016/11/6,,,,
2016/11/2,,,,
2016/10/31,23.8,25.3,27.3,21.4
2016/10/24,,,,21.6
2016/10/19,,,,
2016/10/17,24,25.5,27.5,21.7
2016/10/12,,,,
2016/10/10,23.8,25.3,27.3,21.4
2016/10/6,,,,
2016/10/5,,,,
2016/10/3,22.7,24.2,26.2,20.2
2016/9/26,22.6,24.1,26.1,20.1
2016/9/20,,,,
2016/9/19,22.7,24.2,26.2,20.2
2016/9/7,,,,
2016/9/6,,,,
2016/9/5,22.9,24.4,26.4,20.4
2016/8/29,23.4,24.9,26.9,20.9
2016/8/24,,,,
2016/8/22,23.3,24.8,26.8,20.8
2016/8/17,,,,
2016/8/15,22.2,23.7,25.7,19.7
2016/8/10,,,,
2016/8/8,21.8,23.3,25.3,19.2
2016/8/6,,,,
2016/8/3,,,,
2016/8/1,22.1,23.6,25.6,19.5
2016/7/27,,,,
2016/7/25,,,,20.1
2016/7/20,,,,
2016/7/18,22.7,24.2,26.2,20.2
2016/7/11,23.1,24.6,26.6,20.6
2016/7/6,,,,
2016/7/4,23.4,24.9,26.9,20.9
2016/6/27,23.6,25.1,27.1,21.1
2016/6/22,,,,
2016/6/20,23.4,24.9,26.9,21
2016/6/13,23.9,25.4,27.4,21.5
2016/6/6,,,,21.2
2016/6/1,,,,
2016/5/30,,,,21.1
2016/5/25,,,,
2016/5/23,23.6,25.1,27.1,21.2
2016/5/16,22.9,24.4,26.4,20.4
2016/5/11,,,,
2016/5/6,,,,
2016/5/4,,,,
2016/5/2,22.6,24.1,26.1,20.1
2016/4/25,22.1,23.6,25.6,19.5
2016/4/20,,,,
2016/4/18,22,23.5,25.5,19.4
2016/4/11,20.9,22.4,24.4,18.3
2016/4/6,,,,
2016/4/4,21.1,22.6,24.6,18.4
2016/4/1,,,,
2016/3/28,21.4,22.9,24.9,18.8
2016/3/23,,,,
2016/3/21,21.2,22.7,24.7,
2016/3/16,,,,
2016/3/14,21.3,22.8,24.8,18.6
2016/3/9,,,,
2016/3/7,20.4,21.9,23.9,17.7
2016/3/6,,,,
2016/3/2,,,,
2016/2/29,,,,17.2
2016/2/24,,,,
2016/2/22,19.9,21.4,23.4,17.1
2016/2/17,,,,
2016/2/15,19,20.5,22.5,16.2
2016/2/8,19.9,21.4,23.4,17.1
2016/2/6,,,,
2016/2/3,,,,
2016/2/1,19.3,20.8,22.8,16.5
2016/1/27,,,,
2016/1/25,18.3,19.8,21.8,15.5
2016/1/20,,,,
2016/1/18,18.4,19.9,21.9,15.9
2016/1/13,,,,
2016/1/11,19.5,21,23,17
2016/1/6,,,,
2015/12/30,,,,
2015/12/28,19.9,21.4,23.4,17.4
2015/12/23,,,,
2015/12/21,20.1,21.6,23.6,17.6
2015/12/16,,,,
2015/12/14,20.8,22.3,24.3,18.4
2015/12/9,,,,
2015/12/7,21.6,23.1,25.1,19.3
2015/12/6,,,,
2015/11/30,21.7,23.2,25.2,19.5
2015/11/25,,,,
2015/11/23,21.5,23,25,19.2
2015/11/18,,,,
2015/11/16,22.2,23.7,25.7,20
2015/11/11,,,,
2015/11/9,22.8,24.3,26.3,20.6
2015/11/6,,,,
2015/10/28,,,,
2015/10/26,22.6,24.1,26.1,20.4
2015/10/21,,,,
2015/10/19,23.2,24.7,26.7,21.1
2015/10/12,23.6,25.1,27.1,21.5
2015/10/6,,,,
2015/9/28,22.8,24.3,26.3,20.6
2015/9/21,22.7,24.2,26.2,20.5
2015/9/14,23.1,24.6,26.6,20.9
2015/9/9,,,,
2015/9/7,23.4,24.9,26.9,21.3
2015/9/6,,,,
2015/9/2,,,,
2015/8/31,22.4,23.9,25.9,20.1
2015/8/24,23.1,24.6,26.6,20.9
2015/8/17,23.4,24.9,26.9,21.3
2015/8/12,,,,
2015/8/10,23.3,24.8,26.8,21.2
2015/8/6,,,,
2015/8/5,,,,
2015/8/3,24.1,25.6,27.6,22
2015/7/29,,,,
2015/7/27,24.5,26,28,22.4
2015/7/22,,,,
2015/7/15,,,,
2015/7/13,24.7,26.2,28.2,22.7
2015/7/6,25.5,27,29,23.6
2015/7/1,,,,
2015/6/29,25.6,27.1,29.1,23.7
2015/6/22,25.7,27.2,29.2,23.8
2015/6/17,,,,
2015/6/15,25.9,27.4,29.4,24.1
2015/6/10,,,,
2015/6/8,25.7,27.2,29.2,23.8
2015/6/6,,,,
2015/6/3,,,,
2015/6/1,25.6,27.1,29.1,23.6
2015/5/25,25.9,27.4,29.4,24
2015/5/18,26.1,27.6,29.6,24.2
2015/5/13,,,,
2015/5/11,26.3,27.8,29.8,24.4
2015/5/6,,,,
2015/5/4,25.7,27.2,29.2,23.8
2015/4/29,,,,
2015/4/27,25.5,27,29,23.6
2015/4/22,,,,
2015/4/20,25.2,26.7,28.7,23.2
2015/4/13,24.4,25.9,27.9,22.4
2015/4/6,24.1,25.6,27.6,22.1
2015/4/1,,,,
2015/3/30,24.2,25.7,27.7,22.2
2015/3/25,,,,
2015/3/23,23.7,25.2,27.2,21.7
2015/3/18,,,,
2015/3/16,24.5,26,28,22.6
2015/3/9,25.2,26.7,28.7,23.3
2015/3/6,,,,
2015/3/2,25,26.5,28.5,23.1
2015/2/23,25.3,26.8,28.8,23.4
2015/2/17,,,,
2015/2/16,24.5,26,28,22.5
2015/2/11,,,,
2015/2/9,24,25.5,27.5,21.9
2015/2/6,,,,
2015/2/4,,,,
2015/2/2,22.1,23.6,25.6,
2015/1/28,,,,
2015/1/26,22.2,23.7,25.7,19.9
2015/1/21,,,,
2015/1/19,22.1,23.6,25.6,19.8
2015/1/14,,,,
2015/1/12,23.1,24.6,26.6,20.9
2015/1/7,,,,
2015/1/6,,,,
2015/1/5,24.3,25.8,27.8,22.3
2014/12/29,25,26.5,28.5,23
2014/12/24,,,,
2014/12/22,24.9,26.4,28.4,22.9
2014/12/17,,,,
2014/12/15,25.9,27.4,29.4,24
2014/12/10,,,,
2014/12/8,26.9,28.4,30.4,25.1
2014/12/6,,,,
2014/12/3,,,,
2014/12/1,28.1,29.6,31.6,26.4
2014/11/24,28.3,29.8,31.8,26.7
2014/11/19,,,,
2014/11/17,28.7,30.2,32.2,27.1
2014/11/10,29.2,30.7,32.7,27.7
2014/11/6,,,,
2014/11/3,,,,28.4
2014/10/27,29.8,31.3,33.3,28.3
2014/10/22,,,,
2014/10/20,30,31.5,33.5,28.5
2014/10/15,,,,
2014/10/13,30.9,32.4,34.4,29.5
2014/10/8,,,,
2014/10/6,31.5,33,35,30.2
2014/10/1,,,,
2014/9/29,31.7,33.2,35.2,30.4
2014/9/24,,,,
2014/9/22,31.9,33.4,35.4,30.6
2014/9/17,,,,
2014/9/15,32,33.5,35.5,30.7
2014/9/8,32.5,34,36,31.3
2014/9/3,,,,
2014/9/1,32.7,34.2,36.2,31.4
2014/8/27,,,,
2014/8/25,32.5,34,36,31.3
2014/8/20,,,,
2014/8/18,32.8,34.3,36.3,31.6
2014/8/11,33.1,34.6,36.6,32
2014/8/4,33.4,34.9,36.9,32.3
2014/8/2,,,,
2014/7/28,33.5,35,37,32.4
2014/7/21,33.4,34.9,36.9,32.2
2014/7/16,,,,
2014/7/14,33.6,35.1,37.1,32.5
2014/7/9,,,,
2014/7/7,34,35.5,37.5,33
2014/7/2,,,,
2014/6/30,34.4,35.9,37.9,33.4
2014/6/25,,,,
2014/6/23,34.5,36,38,33.5
2014/6/18,,,,
2014/6/16,33.9,35.4,37.4,32.8
2014/6/9,33.7,35.2,37.2,32.5
2014/6/4,,,,
2014/6/2,33.9,35.4,37.4,32.8
2014/5/26,34,35.5,37.5,32.9
2014/5/19,33.8,35.3,37.3,32.7
2014/5/12,33.5,35,37,32.4
2014/5/7,,,,
2014/5/5,33.7,35.2,37.2,32.6
2014/5/2,,,,
2014/4/28,33.9,35.4,37.4,32.8
2014/4/23,,,,
2014/4/21,33.8,35.3,37.3,32.7
2014/4/7,33.4,34.9,36.9,32.2
2014/4/2,,,,
2014/3/31,33.7,35.2,37.2,32.6
2014/3/26,,,,
2014/3/24,,,,32.4
2014/3/19,,,,
2014/3/17,33.6,35.1,37.1,32.5
2014/3/12,,,,
2014/3/10,,,,32.7
2014/3/3,33.9,35.4,37.4,
2014/3/2,,,,
2014/2/26,,,,
2014/2/24,34,35.5,37.5,32.9
2014/2/17,33.8,35.3,37.3,32.7
2014/2/10,33.4,34.9,36.9,32.3
2014/2/7,,,,
2014/1/27,33.7,35.2,37.2,32.6
2014/1/20,33.4,34.9,36.9,32.2
2014/1/15,,,,
2014/1/13,33.5,35,37,32.4
2014/1/8,,,,
2014/1/6,33.9,35.4,37.4,32.8
2014/1/2,,,,
2014/1/1,,,,
2013/12/30,34.3,35.8,37.8,33.2
2013/12/25,,,,
2013/12/23,33.8,35.3,37.3,32.7
2013/12/18,,,,
2013/12/16,33.6,35.1,37.1,32.5
2013/12/11,,,,
2013/12/9,,,,32.9
2013/12/4,,,,
2013/12/2,33.9,35.4,37.4,32.8
2013/11/25,33.5,35,37,32.3
2013/11/18,33.2,34.7,36.7,32
2013/11/13,,,,
2013/11/11,32.9,34.4,36.4,31.7
2013/11/2,,,,
2013/10/30,,,,
2013/10/28,33.4,34.9,36.9,32.2
2013/10/23,,,,
2013/10/16,,,,
2013/10/14,33.6,35.1,37.1,32.4
2013/10/7,33.3,34.8,36.8,32.2
2013/10/2,,,,
2013/9/30,33.5,35,37,32.4
2013/9/25,,,,
2013/9/23,33.9,35.4,37.4,32.8
2013/9/18,,,,
2013/9/16,34.2,35.7,37.7,33.2
2013/9/9,34.5,36,38,33.5
2013/9/4,,,,
2013/9/2,34.7,36.2,38.2,33.6
2013/8/26,34,35.5,37.5,32.9
2013/8/21,,,,
2013/8/19,33.8,35.3,37.3,32.7
2013/8/12,33.5,35,37,32.3
2013/8/5,33.6,35.1,37.1,
2013/8/2,,,,
2013/7/22,33.5,35,37,32.4
2013/7/17,,,,
2013/7/15,33.4,34.9,36.9,32.2
2013/7/10,,,,
2013/7/8,32.9,34.4,36.4,31.7
2013/7/3,,,,
2013/7/2,,,,
2013/7/1,32.5,34,36,31.3
2013/6/24,33,34.5,36.5,31.8
2013/6/19,,,,
2013/6/17,32.8,34.3,36.3,31.5
2013/6/10,,,,31.2
2013/6/3,32.5,34,36,31.3
2013/6/2,,,,
2013/5/20,,,,31.4
2013/5/15,,,,
2013/5/13,32.6,34.1,36.1,31.3
2013/5/2,,,,
2013/4/29,32.3,33.8,35.8,31
2013/4/24,,,,
2013/4/22,32,33.5,35.5,30.7
2013/4/17,,,,
2013/4/15,33,34.5,36.5,31.8
2013/4/8,33.6,35.1,37.1,
2013/4/2,,,,
2013/4/1,33.5,35,37,32.4
2013/3/25,33.3,34.8,36.8,32.2
2013/3/18,33.4,34.9,36.9,32.3
2013/3/13,,,,
2013/3/11,33.5,35,37,32.4
2013/3/6,,,,
2013/3/4,33.9,35.4,37.4,32.8
2013/3/2,,,,
2013/2/27,,,,
2013/2/25,34.5,36,38,33.5
2013/2/20,,,,
2013/2/18,34.9,36.4,38.4,33.8
2013/2/11,34.6,36.1,38.1,33.6
2013/2/6,,,,
2013/2/4,34.2,35.7,37.7,33.1
2013/2/2,,,,
2013/1/28,33.6,35.1,37.1,32.5
2013/1/21,33.3,34.8,36.8,32.2
2013/1/7,33.5,35,37,32.3
2013/1/2,,,,
2012/12/31,33.3,34.8,36.8,32.1
2012/12/26,,,,
2012/12/24,33.2,34.7,36.7,32
2012/12/19,,,,
2012/12/17,32.9,34.4,36.4,31.8
2012/12/10,33.2,34.7,36.7,32
2012/12/3,33.5,35,37,32.3
2012/12/2,,,,
2012/11/26,33.6,35.1,37.1,32.4
2012/11/19,33.2,34.7,36.7,32
2012/11/14,,,,
2012/11/12,33,34.5,36.5,31.8
2012/11/5,33.3,34.8,36.8,32.1
2012/11/2,,,,
2012/10/31,,,,
2012/10/29,33.4,34.9,36.9,32.2
2012/10/22,34,35.5,37.5,32.9
2012/10/15,34.1,35.6,37.6,33
2012/10/2,,,,
2012/10/1,33.7,35.2,37.2,32.6
2012/9/26,,,,
2012/9/24,34,35.5,37.5,32.9
2012/9/17,34.8,36.3,38.3,33.8
2012/9/10,34.7,36.2,38.2,33.6
2012/9/3,34.5,36,38,33.4
2012/9/2,,,,
2012/8/27,34.8,36.3,38.3,33.8
2012/8/22,,,,
2012/8/20,34.5,36,38,33.4
2012/8/15,,,,
2012/8/13,33.9,35.4,37.4,32.8
2012/8/8,,,,
2012/8/6,33.1,34.6,36.6,31.9
2012/8/2,,,,
2012/7/30,32.8,34.3,36.3,31.6
2012/7/25,,,,
2012/7/23,32.9,34.4,36.4,31.7
2012/7/16,32,33.5,35.5,30.7
2012/7/11,,,,
2012/7/9,31.8,33.3,35.3,30.5
2012/7/2,30.8,32.3,34.3,29.4
2012/6/27,,,,
2012/6/25,31,32.5,34.5,29.6
2012/6/18,31.4,32.9,34.9,30.3
2012/6/13,,,,
2012/6/11,31.5,33,35,30.4
2012/6/6,,,,
2012/6/4,32,33.5,35.5,31
2012/6/2,,,,
2012/5/28,32.2,33.7,35.7,31.2
2012/5/21,32.5,34,36,31.5
2012/5/16,,,,
2012/5/14,32.6,34.1,36.1,31.7
2012/5/7,33.1,34.6,36.6,32.2
2012/5/2,,,,
2012/4/30,33.2,34.7,36.7,32.3
2012/4/23,33.3,34.8,36.8,32.4
2012/4/18,,,,
2012/4/16,33.6,35.1,37.1,32.7
2012/4/9,33.9,35.4,37.4,33
2012/4/2,34,35.5,37.5,33.1
2012/3/26,31.7,32.4,33.9,29.9
2012/3/19,31.8,32.5,34,30
2012/3/12,31.7,32.4,33.9,29.9
2012/3/5,31.6,32.3,33.8,29.8
2012/3/2,,,,
2012/3/1,,,,
2012/2/27,31.5,32.2,33.7,29.7
2012/2/22,,,,
2012/2/20,31.2,31.9,33.4,29.4
2012/2/13,31,31.7,33.2,29.1
2012/2/6,,,,28.7
2012/2/2,,,,
2012/1/2,,,,
2011/12/21,,,,
2011/12/19,30.6,31.3,32.8,28.8
2011/12/12,30.9,31.6,33.1,29.1
2011/12/5,31,31.7,33.2,29.2
2011/12/2,,,,
2011/11/28,30.9,31.6,33.1,29.1
2011/11/21,31.2,31.9,33.4,29.4
2011/11/16,,,,
2011/11/14,31.3,32,33.5,29.5
2011/11/7,30.9,31.6,33.1,29
2011/11/2,,,,
2011/10/26,,,,
2011/10/24,31.1,31.8,33.3,29.2
2011/10/17,31,31.7,33.2,29.1
2011/10/10,30.6,31.3,32.8,28.6
2011/10/3,30.9,31.6,33.1,28.9
2011/10/2,,,,
2011/9/7,,,,
2011/9/5,31.2,31.9,33.4,29.2
2011/9/2,,,,
2011/8/29,30.9,31.6,33.1,28.9
2011/8/22,30.8,31.5,33,28.8
2011/8/15,30.6,31.3,32.8,28.6
2011/8/10,,,,
2011/8/8,31.2,31.9,33.4,29.2
2011/8/2,,,,
2011/7/27,,,,
2011/7/25,,,,29.6
2011/7/18,31.5,32.2,33.7,29.5
2011/7/13,,,,
2011/7/11,31.2,31.9,33.4,29.2
2011/7/4,30.9,31.6,33.1,28.9
2011/7/2,,,,
2011/6/29,,,,
2011/6/27,31.1,31.8,33.3,29.1
2011/6/13,31.6,32.3,33.8,29.6
2011/6/6,31.5,32.2,33.7,29.5
2011/6/2,,,,
2011/5/30,,,,29.4
2011/5/23,31.4,32.1,33.6,29.3
2011/5/18,,,,
2011/5/16,31.5,32.2,33.7,29.5
2011/5/11,,,,
2011/5/9,31.9,32.6,34.1,29.9
2011/5/2,32.5,33.2,34.7,30.5
2011/4/25,32.4,33.1,34.6,30.4
2011/4/18,32.5,33.2,34.7,30.5
2011/4/13,,,,
2011/4/11,32.4,33.1,34.6,30.4
2011/4/7,,,,
2011/4/4,32,32.7,34.2,
2011/4/2,,,,
2011/3/28,32.1,32.8,34.3,30
2011/3/21,31.9,32.6,34.1,29.8
2011/3/9,,,,
2011/3/7,32.1,32.8,34.3,30
2011/3/2,,,,
2011/2/28,31.8,32.5,34,29.7
2011/2/23,,,,
2011/2/21,31.1,31.8,33.3,28.9
2011/2/16,,,,
2011/1/31,30.8,31.5,33,28.6
2011/1/17,31,31.7,33.2,28.8
2011/1/10,30.9,31.6,33.1,28.7
2011/1/2,,,,
2010/12/27,30.8,31.5,33,28.6
2010/12/20,30.6,31.3,32.8,28.4
2010/12/15,,,,
2010/12/13,30.5,31.2,32.7,28.3
2010/12/8,,,,
2010/12/6,30.1,30.8,32.3,27.9
2010/12/2,,,,
2010/11/29,29.8,30.5,32,27.5
2010/11/24,,,,
2010/11/22,29.9,30.6,32.1,27.6
2010/11/17,,,,
2010/11/15,30.3,31,32.5,28.1
2010/11/10,,,,
2010/11/8,29.8,30.5,32,27.6
2010/11/2,,,,
2010/11/1,29.4,30.1,31.6,27.1
2010/10/27,,,,
2010/10/25,29.3,30,31.5,27
2010/10/18,29.6,30.3,31.8,27.3
2010/10/11,29.7,30.4,31.9,27.4
2010/10/6,,,,
2010/10/4,,,,26.7
2010/10/2,,,,
2010/9/27,29,29.7,31.2,26.6
2010/9/15,,,,
2010/9/13,28.8,29.5,31,26.4
2010/9/6,28.6,29.3,30.8,26.2
2010/9/2,,,,
2010/8/30,28.2,28.9,30.4,25.7
2010/8/23,28.5,29.2,30.7,26.1
2010/8/18,,,,
2010/8/16,29,29.7,31.2,26.6
2010/8/11,,,,
2010/8/9,29.6,30.3,31.8,27.2
2010/8/2,28.8,29.5,31,26.4
2010/7/19,28.7,29.4,30.9,26.3
2010/7/14,,,,
2010/7/12,28.2,28.9,30.4,25.7
2010/7/7,,,,
2010/7/5,28.6,29.3,30.8,26.2
2010/7/2,,,,
2010/6/28,,,,26.6
2010/6/23,,,,
2010/6/21,29,29.7,31.2,26.7
2010/6/14,28.5,29.2,30.7,26.1
2010/6/7,28.6,29.3,30.8,26.2
2010/6/2,,,,
2010/5/31,27.9,28.6,30.1,25.4
2010/5/26,,,,
2010/5/24,28.4,29.1,30.6,25.9
2010/5/19,,,,
2010/5/17,29.5,30.2,31.7,27.3
2010/5/10,29.8,30.5,32,27.6
2010/5/3,30,30.7,32.2,27.8
2010/5/2,,,,
2010/4/21,,,,
2010/4/19,29.8,30.5,32,
2010/4/12,29.7,30.4,31.9,27.5
2010/4/5,29,29.7,31.2,26.6
2010/4/2,,,,
2010/3/15,28.7,29.4,30.9,26.3
2010/3/10,,,,
2010/3/8,28.5,29.2,30.7,26.1
2010/3/2,,,,
2010/3/1,28.1,28.8,30.3,25.7
2010/2/13,27.9,28.6,30.1,25.5
2010/2/10,28.6,29.3,30.8,26.1
2010/2/9,29,29.7,31.2,26.5
2010/2/8,29.1,29.8,31.3,26.6
2010/2/2,,,,
2010/2/1,28.8,29.5,31,26.3
2010/1/25,29.5,30.2,31.7,27
2010/1/11,30.1,30.8,32.3,27.7
2010/1/2,30,30.7,32.2,27.6
2009/12/26,29.2,29.9,31.4,26.8
2009/12/19,29.1,29.8,31.3,26.6
2009/12/16,,,,
2009/12/12,29.8,30.5,32,27.4
2009/12/5,30.3,31,32.5,27.9
2009/12/2,,,,
2009/11/28,30,30.7,32.2,27.6
2009/11/21,30.1,30.8,32.3,27.7
2009/11/14,30.2,30.9,32.4,27.8
2009/11/7,30.1,30.8,32.3,27.6
2009/11/2,,,,
2009/10/31,29.5,30.2,31.7,26.6
2009/10/28,,,,
2009/10/24,29.7,30.4,31.9,26.7
2009/10/21,,,,
2009/10/17,28.8,29.5,31,26.3
2009/10/14,,,,
2009/10/10,28.1,28.8,30.3,25.5
2009/10/7,,,,
2009/10/3,27.6,28.3,29.8,25
2009/10/2,,,,
2009/9/26,,,,25.7
2009/9/12,28.3,29,30.5,25.8
2009/9/9,,,,
2009/9/5,28.6,29.3,30.8,26.1
2009/9/2,,,,
2009/8/29,29,29.7,31.2,26.5
2009/8/22,28.7,29.4,30.9,26.2
2009/8/12,,,,
2009/8/5,,,,
2009/8/2,,,,
2009/8/1,28.3,29,30.5,25.7
2009/7/29,,,,
2009/7/25,27.6,28.3,29.8,25
2009/7/18,27,27.7,29.2,24.3
2009/7/15,,,,
2009/7/11,27.4,28.1,29.6,24.8
2009/7/4,28.6,29.3,30.8,26.1
2009/7/2,,,,
2009/7/1,,,,
2009/6/27,28.3,29,30.5,25.5
2009/6/20,28,28.7,30.2,25
2009/6/17,,,,
2009/6/13,27.3,28,29.5,24.1
2009/6/10,,,,
2009/6/6,27,27.7,29.2,23.9
2009/6/3,,,,
2009/6/2,,,,
2009/5/30,26.5,27.2,28.7,23.6
2009/5/27,,,,
2009/5/23,26.1,26.8,28.3,23.4
2009/5/20,,,,
2009/5/16,26,26.7,28.2,23.2
2009/5/13,,,,
2009/5/9,25.4,26.1,27.6,22.6
2009/5/2,24.5,25.2,26.7,21.6
2009/4/25,24.6,25.3,26.8,21.7
2009/4/18,24.9,25.6,27.1,22.2
2009/4/11,24.8,25.5,27,22.1
2009/4/9,,,,
2009/4/4,24.2,24.9,26.4,21.4
2009/4/2,,,,
2009/3/28,24.4,25.1,26.6,21.7
2009/3/26,,,,
2009/3/21,23.3,24,25.5,20.5
2009/3/19,,,,
2009/3/14,23,23.7,25.2,20.2
2009/3/7,23.1,23.8,25.3,20.3
2009/3/2,,,,
2009/2/26,,,,
2009/2/21,22.6,23.3,24.8,19.7
2009/2/19,,,,
2009/2/14,22.8,23.5,25,20
2009/2/12,,,,
2009/2/7,22.4,23.1,24.6,19.5
2009/1/24,22.1,22.8,24.3,
2009/1/22,,,,
2009/1/17,,,,19.3
2009/1/10,22.2,22.9,24.4,19.5
2009/1/8,,,,
2009/1/3,20.3,21,22.5,17
2009/1/2,,,,
2008/12/27,20.4,21.1,22.6,17.1
2008/12/20,20.8,21.5,23,17.5
2008/12/13,20.1,20.8,22.3,16.8
2008/12/11,,,,
2008/12/6,20.5,21.2,22.7,17.2
2008/12/4,,,,
2008/12/2,,,,
2008/11/29,20.6,21.3,22.8,17.3
2008/11/22,20.7,21.4,22.9,17.4
2008/11/20,,,,
2008/11/15,21.7,22.4,23.9,18.5
2008/11/13,,,,
2008/11/8,,,,19.9
2008/11/2,,,,
2008/11/1,23,23.7,25.2,20
2008/10/30,,,,
2008/10/25,23.8,24.5,26,20.8
2008/10/23,,,,
2008/10/18,25.2,25.9,27.4,22.3
2008/10/16,,,,
2008/10/11,27.2,27.9,29.4,24.5
2008/10/9,,,,
2008/10/4,29.5,30.2,31.7,27
2008/10/2,,,,
2008/9/27,30.1,30.8,32.3,27.7
2008/9/25,,,,
2008/9/20,29,29.7,31.2,26.4
2008/9/18,,,,
2008/9/13,30.6,31.3,32.8,28.2
2008/9/11,,,,
2008/9/6,31.9,32.6,34.1,29.6
2008/9/4,,,,
2008/8/30,32.8,33.5,35,30.6
2008/8/23,32.3,33,34.5,30.1
2008/8/21,,,,
2008/8/16,32.5,33.2,34.7,30.3
2008/8/14,,,,
2008/8/9,33.4,34.1,35.6,31.3
2008/8/8,,,,
2008/8/7,,,,
2008/7/31,,,,
2008/7/24,,,,
2008/7/3,,,,
2008/7/2,35.4,36.1,37.6,33.5
2008/6/12,,,,
2008/6/5,,,,
2008/5/29,,,,
2008/5/28,33.9,34.6,36.1,31.9
2008/5/22,,,,
2008/5/15,,,,
2008/5/8,,,,
2008/4/24,,,,
2008/4/17,,,,
2008/4/10,,,,
2008/3/27,,,,
2008/3/20,,,,
2008/3/13,,,,
2008/3/6,,,,
2008/2/21,,,,
2008/1/31,,,,
2008/1/24,,,,
2008/1/17,,,,
2008/1/3,,,,
2007/12/6,,,,
2007/11/29,,,,
2007/11/8,,,,
2007/11/2,30,30.7,32.2,27.5
2007/11/1,,,,
2007/10/18,,,,
2007/10/2,29.1,29.8,31.3,26.6
2007/9/20,,,,
2007/9/13,,,,
2007/9/2,27.8,28.5,30,25.2
2007/8/15,28.4,29.1,30.6,25.9
2007/8/9,,,,
2007/7/25,29.1,29.8,31.3,26.6
2007/7/18,29,29.7,31.2,26.4
2007/7/12,,,,
2007/7/11,28.6,29.3,30.8,26
2007/7/4,28.3,29,30.5,25.8
2007/7/3,,,,
2007/6/21,,,,
2007/6/20,27.9,28.6,30.1,25.3
2007/6/13,,,,24.6
2007/6/6,27.3,28,29.5,24.7
2007/5/30,27.1,27.8,29.3,24.4
2007/5/24,,,,
2007/5/23,27.4,28.1,29.6,24.7
2007/5/17,,,,
2007/5/16,26.6,27.3,28.8,23.8
2007/5/9,26.3,27,28.5,23.6
2007/5/3,,,,
2007/5/2,,,,
2007/4/25,27.3,28,29.5,24.6
2007/4/18,26.8,27.5,29,24
2007/4/11,26.3,27,28.5,23.6
2007/4/4,27.3,28,29.5,24.6
2007/4/3,,,,
2007/3/28,26.9,27.6,29.1,23.9
2007/3/21,25.6,26.3,27.8,22.4
2007/3/14,26.1,26.8,28.3,23
2007/3/13,,,,
2007/3/7,26.3,27,28.5,23.2
2007/3/4,,,,
2007/3/2,,,,
2007/3/1,,,,
2007/2/28,26.6,27.3,28.8,23.5
2007/2/14,25.8,26.5,28,22.7
2007/2/7,26,26.7,28.2,22.9
2007/2/5,,,,
2007/2/2,,,,
2007/1/31,25,25.7,27.2,21.8
2007/1/24,24.4,25.1,26.6,21.1
2007/1/17,24.8,25.5,27,21.6
2007/1/16,,,,
2007/1/10,25.4,26.1,27.6,22.3
2007/1/4,,,,
2007/1/3,26.5,27.2,28.7,23.4
2007/1/1,,,,
2006/12/27,26.9,27.6,29.1,
2006/12/20,27,27.7,29.2,23.7
2006/12/13,26.7,27.4,28.9,23.5
2006/12/12,,,,
2006/12/6,27,27.7,29.2,23.8
2006/12/1,,,,
2006/11/29,26.5,27.2,28.7,23.3
2006/11/22,25.4,26.1,27.6,22.1
2006/11/15,26,26.7,28.2,22.7
2006/11/8,26.3,27,28.5,23.1
2006/11/1,25.9,26.6,28.1,22.6
2006/10/25,25.6,26.3,27.8,22.3
2006/10/11,26.3,27,28.5,23.1
2006/9/29,,,,
2006/9/27,,,,
2006/9/26,26.5,27.2,28.7,23.3
2006/9/19,,,,
2006/9/14,27.4,28.1,29.6,24.2
2006/8/13,,,,
2006/8/9,,,,
2006/7/7 下午 10:00:00,27.9,28.6,30.1,24.5
2006/6/5,,,,
2006/4/25,,,,
2006/4/19,26.9,27.6,29.1,23.5
2006/4/13,,,,
2006/4/6,,,,
2006/3/9,,,,
2006/2/14 下午 12:00:00,24.9,25.6,27.1,21.5
2005/12/16,,,,
2005/12/1,,,,
2005/10/24 下午 12:00:00,23.9,24.6,26.1,
2005/10/6,,,,
2005/9/1,,,,
2005/8/15,,,,
2005/8/2 下午 06:00:00,24.7,25.4,26.9,20.5
2005/8/1,,,,
2005/6/15,,,,
2005/5/31,,,,
2005/5/17,,,,
2005/4/8,,,,
2005/3/15,,,,
2005/3/14,,,,
2005/3/10 下午 05:00:00,23.2,23.9,25.4,19
2005/3/3,,,,
2005/2/21,,,,
2005/1/21,,,,
2005/1/14,,,,
2005/1/13 下午 12:00:00,,,,
2005/1/8,,,,
2005/1/6,,,,
2004/12/30 下午 10:00:00,22.2,22.9,24.4,
2004/12/15,,,,
2004/12/8,,,,
2004/11/11,,,,
2004/10/6,,,,
2004/9/23,,,,
2004/9/22,22.5,23.2,24.7,18
2004/9/16,,,,
2004/9/2,,,,
2004/8/23,,,,
2004/8/10,,,,
2004/8/3,,,,
2004/7/23,,,,
2004/7/16,21.9,22.6,24.1,17
2004/7/15,,,,
2004/7/14,,,,
2004/7/13,,,,
2004/6/8,,,,
2004/5/17,,,,
2004/3/25,21.5,22.2,23.7,16.5
2004/2/7,,,,
2004/1/17,,,,
2004/1/16,20.9,21.6,23.1,15.9
2004/1/9,,,,
2004/1/8,,,,
2004/1/7,20.1,20.8,22.3,15.1
2003/12/26,,,,
2003/12/19,,,,
2003/12/17,19.6,20.3,21.8,14.9
2003/12/11,,,,
2003/12/5,,,,
2003/11/14,,,,
2003/11/1,19.1,19.8,21.3,14.6
2003/10/3,,,,
2003/9/29,,,,
2003/9/20,19.6,20.3,21.8,14.8
2003/8/16,,,,
2003/8/15,,,,
2003/8/9,20.1,20.8,22.3,15
2003/7/31,,,,
2003/7/10,,,,
2003/7/8,,,,14.2
2003/7/7,,,,
2003/5/10,,,,
2003/4/19,,,,
2003/4/15,,,,
2003/4/14 下午 10:00:00,19.1,19.8,21.3,15.4
2003/4/9,,,,
2003/4/4,19.9,20.6,21.9,16
2003/3/25,,,,
2003/3/12,,,,
2003/2/25,,,,
2003/2/22,20.9,21.6,22.9,16.5
2003/2/20,,,,
2003/2/12,,,,
2003/2/8,,,,
2003/1/23,,,,
2003/1/10,,,,
2003/1/9,20.1,20.8,22.1,15.8
2002/12/28,19.6,20.3,21.6,15.6
2002/10/26,19.3,20,21.3,15.4
2002/10/2,,,,
2002/9/27,18.5,19.6,20.9,14.4
2002/9/20,,,,
2002/8/23,,,,
2002/8/20,18.1,19.2,20.5,13.8
2002/7/2,,,,
2002/6/1,17.1,18.2,19.5,13.3
2002/4/10,18.1,19.2,20.5,13.8
2001/12/15,,,,
2001/12/8,17.1,18.2,19.4,13.3
2001/11/17,18.1,19.2,20.4,13.8
2001/11/8,,,,
2001/7/11,,,,
2001/7/4,,,,
2001/6/29,18.4,19.5,20.7,14.1
2001/5/15,,,,
2001/4/5,18.9,20,21.2,14.3
2001/4/3,,,,
2001/3/1,,,,
2001/2/20,,,,
2001/2/1,,,,
2000/11/3,19.2,20.2,21.2,14.6
2000/10/27,19.5,20.5,21.5,14.9
2000/10/20,,,,
2000/9/27,19.2,20.2,21.2,14.7
2000/9/21,,,,
2000/9/20,19.6,20.6,21.6,14.9
2000/9/14,,,,
2000/8/2,18.3,19.3,20.3,14.3
2000/6/21,18.6,19.6,20.6,14.5
2000/5/17,,,,
2000/3/29,18.1,19.1,20.1,14.2
2000/3/28,,,,
2000/2/16,17.6,18.6,19.6,13.8
2000/2/15,,,,
1999/12/8,17.2,18.2,19.2,13.4
1999/11/10,16.8,17.8,18.8,13
1999/9/1,16.4,17.4,18.4,12.7
1999/8/11,16.4,17.4,18.4,12.7
1999/7/14,16,17,18,12.4
1999/5/12,15.6,16.6,,12.1
1999/4/7,15.3,16.3,,11.8
1999/1/6,15,16,,11.5
